scenario,policy,return,ci95,avg_link_compromise,refreshes,energy,lifetime,estimation_mae
honest,Periodic (T=20),-103.7800873803376,5.281585235521909,0.05374388698033718,50.0,0.5003620040000044,1000.0,0.007698159999999922
honest,Threshold (θ=0.020),-67.2884027837757,4.064819599456423,0.02605506718377585,41.2,0.41233335600000404,1000.0,0.007005199999999923
honest,DQN (ours),-75.25276196597625,4.789037098076157,0.044318283565975954,30.9,0.3093447840000029,1000.0,0.0072009599999999264
byzantine-mean,Periodic (T=20),-104.47431116026932,4.560908393777121,0.054397507960268945,50.0,0.5007680320000039,1000.0,0.030939480000000005
byzantine-mean,Threshold (θ=0.120),-109.78802726608194,6.261051879141453,0.08870903246608121,21.0,0.2107899480000013,1000.0,0.03478383999999997
byzantine-mean,DQN (ours),-83.65206230627426,5.024574674841736,0.04351507350627398,40.06,0.40136988800000317,1000.0,0.03243684
byzantine-trust,Periodic (T=20),-104.47431116026932,4.560908393777121,0.054397507960268945,50.0,0.5007680320000039,1000.0,0.007933483521242696
byzantine-trust,Threshold (θ=0.040),-93.43090656484351,4.360956982851059,0.05682983016484289,36.52,0.36601076400000293,1000.0,0.007602965821016371
byzantine-trust,DQN (ours),-73.13552544338087,3.8992219621168687,0.03295563744338087,40.1,0.4017988800000033,1000.0,0.007523197421726525
