episode,return,refreshes,lifetime,epsilon
0,-899.84,100,207,0.99
1,-904.811,100,198,0.98
2,-914.892,100,195,0.971
3,-902.883,100,199,0.961
4,-901.052,100,204,0.951
5,-863.014,100,239,0.941
6,-899.592,100,206,0.931
7,-893.999,100,208,0.922
8,-861.52,100,239,0.912
9,-880.874,100,221,0.902
10,-869.911,100,235,0.892
11,-877.015,100,225,0.882
12,-861.26,100,241,0.873
13,-884.092,100,221,0.863
14,-882.29,100,220,0.853
15,-876.131,100,227,0.843
16,-845.705,100,257,0.833
17,-877.2,100,225,0.824
18,-869.707,100,234,0.814
19,-854.87,100,250,0.804
20,-837.622,100,267,0.794
21,-847.805,100,254,0.784
22,-826.433,100,274,0.775
23,-864.088,100,238,0.765
24,-849.906,100,251,0.755
25,-789.241,100,319,0.745
26,-822.839,100,278,0.735
27,-827.954,100,274,0.726
28,-830.509,100,274,0.716
29,-851.016,100,254,0.706
30,-847.811,100,253,0.696
31,-799.204,100,303,0.686
32,-756.811,100,348,0.677
33,-836.787,100,268,0.667
34,-803.572,100,303,0.657
35,-802.213,100,298,0.647
36,-783.469,100,325,0.637
37,-814.046,100,289,0.628
38,-801.711,100,302,0.618
39,-801.186,100,302,0.608
40,-783.707,100,325,0.598
41,-777.929,100,328,0.588
42,-749.485,100,352,0.579
43,-752.611,100,348,0.569
44,-817.324,100,287,0.559
45,-720.569,100,390,0.549
46,-757.762,100,351,0.539
47,-769.737,100,345,0.53
48,-753.587,100,351,0.52
49,-729.237,100,381,0.51
50,-716.132,100,394,0.5
51,-678.795,100,429,0.49
52,-691.492,100,410,0.481
53,-688.658,100,424,0.471
54,-736.654,100,382,0.461
55,-649.916,100,476,0.451
56,-687.792,100,419,0.441
57,-673.537,100,441,0.432
58,-698.091,100,403,0.422
59,-656.738,100,453,0.412
60,-603.216,100,512,0.402
61,-615.682,100,495,0.392
62,-613.755,100,491,0.383
63,-586.3,100,521,0.373
64,-598.61,100,511,0.363
65,-580.172,100,532,0.353
66,-506.181,100,606,0.343
67,-578.727,100,527,0.334
68,-569.758,100,548,0.324
69,-507.164,100,626,0.314
70,-545.292,100,573,0.304
71,-496.404,100,612,0.294
72,-491.181,100,620,0.285
73,-467.006,100,654,0.275
74,-610.922,100,506,0.265
75,-333.824,100,801,0.255
76,-441.387,100,667,0.245
77,-402.681,100,719,0.236
78,-302.635,100,840,0.226
79,-440.479,100,669,0.216
80,-279.078,100,866,0.206
81,-346.672,100,778,0.196
82,-127.919,96,1000,0.187
83,-218.343,100,917,0.177
84,-115.735,98,1000,0.167
85,-115.137,95,1000,0.157
86,-160.461,100,957,0.147
87,-132.487,99,1000,0.138
88,-239.1,100,908,0.128
89,-112.432,70,1000,0.118
90,-137.027,98,1000,0.108
91,-103.247,71,1000,0.098
92,-116.451,68,1000,0.089
93,-124.098,83,1000,0.079
94,-107.529,72,1000,0.069
95,-99.215,69,1000,0.059
96,-113.45,66,1000,0.049
97,-118.023,68,1000,0.04
98,-83.918,57,1000,0.03
99,-129.63,64,1000,0.02
100,-80.273,45,1000,0.02
101,-85.689,58,1000,0.02
102,-93.663,65,1000,0.02
103,-120.933,65,1000,0.02
104,-105.945,60,1000,0.02
105,-110.627,63,1000,0.02
106,-94.445,63,1000,0.02
107,-108.324,66,1000,0.02
108,-130.919,79,1000,0.02
109,-107.85,65,1000,0.02
110,-108.055,62,1000,0.02
111,-88.176,63,1000,0.02
112,-97.599,57,1000,0.02
113,-80.098,62,1000,0.02
114,-108.973,70,1000,0.02
115,-93.975,56,1000,0.02
116,-79.042,52,1000,0.02
117,-94.874,52,1000,0.02
118,-102.809,70,1000,0.02
119,-99.414,62,1000,0.02
120,-77.751,51,1000,0.02
121,-90.523,63,1000,0.02
122,-108.856,68,1000,0.02
123,-96.944,63,1000,0.02
124,-79.053,47,1000,0.02
125,-102.105,70,1000,0.02
126,-73.178,50,1000,0.02
127,-105.966,72,1000,0.02
128,-115.89,64,1000,0.02
129,-128.884,62,1000,0.02
130,-93.251,64,1000,0.02
131,-75.121,43,1000,0.02
132,-99.433,58,1000,0.02
133,-116.931,68,1000,0.02
134,-91.251,49,1000,0.02
135,-65.338,41,1000,0.02
136,-94.266,56,1000,0.02
137,-92.842,54,1000,0.02
138,-83.867,52,1000,0.02
139,-64.79,42,1000,0.02
140,-68.388,44,1000,0.02
141,-91.797,54,1000,0.02
142,-80.381,47,1000,0.02
143,-65.377,41,1000,0.02
144,-103.474,47,1000,0.02
145,-120.58,79,1000,0.02
146,-87.603,47,1000,0.02
147,-76.04,44,1000,0.02
148,-98.837,68,1000,0.02
149,-92.764,48,1000,0.02
150,-70.616,45,1000,0.02
151,-96.177,55,1000,0.02
152,-60.605,39,1000,0.02
153,-96.2,59,1000,0.02
154,-104.128,61,1000,0.02
155,-97.692,47,1000,0.02
156,-82.337,44,1000,0.02
157,-112.137,52,1000,0.02
158,-106.67,44,1000,0.02
159,-64.122,42,1000,0.02
160,-55.981,40,1000,0.02
161,-96.123,46,1000,0.02
162,-75.372,38,1000,0.02
163,-107.804,54,1000,0.02
164,-70.876,37,1000,0.02
165,-100.648,49,1000,0.02
166,-92.348,58,1000,0.02
167,-99.051,52,1000,0.02
168,-100.058,45,1000,0.02
169,-72.005,45,1000,0.02
170,-77.189,41,1000,0.02
171,-101.388,50,1000,0.02
172,-86.79,39,1000,0.02
173,-91.422,39,1000,0.02
174,-104.833,39,1000,0.02
175,-74.776,41,1000,0.02
176,-59.557,34,1000,0.02
177,-90.361,46,1000,0.02
178,-84.992,43,1000,0.02
179,-89.833,40,1000,0.02
180,-84.363,40,1000,0.02
181,-59.396,39,1000,0.02
182,-104.091,47,1000,0.02
183,-61.899,32,1000,0.02
184,-85.018,41,1000,0.02
185,-71.272,39,1000,0.02
186,-74.792,41,1000,0.02
187,-75.481,48,1000,0.02
188,-86.848,42,1000,0.02
189,-74.864,35,1000,0.02
190,-88.862,38,1000,0.02
191,-75.933,43,1000,0.02
192,-67.199,31,1000,0.02
193,-101.588,51,1000,0.02
194,-76.268,39,1000,0.02
195,-100.97,42,1000,0.02
196,-71.47,40,1000,0.02
197,-62.496,31,1000,0.02
198,-81.051,38,1000,0.02
199,-97.195,42,1000,0.02
200,-68.063,35,1000,0.02
201,-92.266,51,1000,0.02
202,-75.612,48,1000,0.02
203,-69.376,34,1000,0.02
204,-89.632,42,1000,0.02
205,-70.148,33,1000,0.02
206,-81.488,36,1000,0.02
207,-80.439,37,1000,0.02
208,-121.056,53,1000,0.02
209,-108.628,46,1000,0.02
210,-106.719,56,1000,0.02
211,-95.068,45,1000,0.02
212,-78.973,37,1000,0.02
213,-73.003,35,1000,0.02
214,-90.489,46,1000,0.02
215,-68.334,31,1000,0.02
216,-98.188,45,1000,0.02
217,-77.731,32,1000,0.02
218,-98.467,44,1000,0.02
219,-111.311,50,1000,0.02
220,-79.324,35,1000,0.02
221,-60.229,31,1000,0.02
222,-57.37,35,1000,0.02
223,-85.295,36,1000,0.02
224,-143.306,45,1000,0.02
225,-118.039,42,1000,0.02
226,-101.354,46,1000,0.02
227,-80.539,39,1000,0.02
228,-109.555,58,1000,0.02
229,-98.717,53,1000,0.02
230,-88.123,39,1000,0.02
231,-91.14,49,1000,0.02
232,-132.414,58,1000,0.02
233,-66.542,38,1000,0.02
234,-88.406,43,1000,0.02
235,-100.043,43,1000,0.02
236,-110.447,45,1000,0.02
237,-65.919,33,1000,0.02
238,-82.742,31,1000,0.02
239,-93.405,43,1000,0.02
240,-97.672,39,1000,0.02
241,-70.152,29,1000,0.02
242,-84.795,37,1000,0.02
243,-82.446,31,1000,0.02
244,-62.833,29,1000,0.02
245,-96.18,49,1000,0.02
246,-85.226,33,1000,0.02
247,-114.104,50,1000,0.02
248,-69.493,36,1000,0.02
249,-96.663,52,1000,0.02
250,-70.022,35,1000,0.02
251,-86.982,38,1000,0.02
252,-122.046,57,1000,0.02
253,-91.765,32,1000,0.02
254,-83.22,30,1000,0.02
255,-61.367,22,1000,0.02
256,-126.028,52,1000,0.02
257,-75.966,40,1000,0.02
258,-103.997,47,1000,0.02
259,-84.51,40,1000,0.02
260,-92.043,42,1000,0.02
261,-92.024,47,1000,0.02
262,-77.506,38,1000,0.02
263,-102.315,41,1000,0.02
264,-121.814,52,1000,0.02
265,-130.974,52,1000,0.02
266,-67.652,32,1000,0.02
267,-78.878,28,1000,0.02
268,-73.152,38,1000,0.02
269,-86.251,37,1000,0.02
270,-94.358,44,1000,0.02
271,-113.687,47,1000,0.02
272,-126.593,53,1000,0.02
273,-87.031,44,1000,0.02
274,-71.956,32,1000,0.02
275,-90.312,55,1000,0.02
276,-92.46,52,1000,0.02
277,-88.987,37,1000,0.02
278,-105.308,46,1000,0.02
279,-55.428,27,1000,0.02
280,-81.448,48,1000,0.02
281,-105.176,44,1000,0.02
282,-95.178,41,1000,0.02
283,-82.299,29,1000,0.02
284,-93.606,41,1000,0.02
285,-79.693,27,1000,0.02
286,-83.278,40,1000,0.02
287,-122.884,72,1000,0.02
288,-155.806,96,1000,0.02
289,-68.23,26,1000,0.02
290,-99.737,35,1000,0.02
291,-80.664,36,1000,0.02
292,-116.803,60,1000,0.02
293,-84.913,24,1000,0.02
294,-71.296,32,1000,0.02
295,-62.255,32,1000,0.02
296,-76.239,34,1000,0.02
297,-109.819,45,1000,0.02
298,-69.079,35,1000,0.02
299,-105.496,49,1000,0.02
300,-82.222,32,1000,0.02
301,-80.431,46,1000,0.02
302,-78.676,34,1000,0.02
303,-82.667,37,1000,0.02
304,-108.075,46,1000,0.02
305,-77.125,28,1000,0.02
306,-66.02,33,1000,0.02
307,-85.628,28,1000,0.02
308,-111.526,70,1000,0.02
309,-117.518,57,1000,0.02
310,-79.576,36,1000,0.02
311,-65.697,37,1000,0.02
312,-70.193,33,1000,0.02
313,-92.649,36,1000,0.02
314,-102.153,31,1000,0.02
315,-75.366,28,1000,0.02
316,-80.196,23,1000,0.02
317,-116.099,50,1000,0.02
318,-95.393,46,1000,0.02
319,-79.114,32,1000,0.02
320,-103.173,34,1000,0.02
321,-59.057,31,1000,0.02
322,-80.424,39,1000,0.02
323,-122.688,37,1000,0.02
324,-53.678,18,1000,0.02
325,-69.174,26,1000,0.02
326,-74.833,30,1000,0.02
327,-105.887,40,1000,0.02
328,-105.821,37,1000,0.02
329,-79.774,26,1000,0.02
330,-107.521,45,1000,0.02
331,-68.63,23,1000,0.02
332,-101.814,40,1000,0.02
333,-78.761,32,1000,0.02
334,-96.849,47,1000,0.02
335,-76.635,40,1000,0.02
336,-93.618,32,1000,0.02
337,-106.332,37,1000,0.02
338,-77.779,23,1000,0.02
339,-90.313,32,1000,0.02
340,-103.696,56,1000,0.02
341,-57.092,26,1000,0.02
342,-115.482,49,1000,0.02
343,-98.61,31,1000,0.02
344,-63.438,27,1000,0.02
345,-88.28,45,1000,0.02
346,-50.984,16,1000,0.02
347,-119.244,39,1000,0.02
348,-110.935,39,1000,0.02
349,-86.443,43,1000,0.02
350,-138.541,43,1000,0.02
351,-72.649,33,1000,0.02
352,-105.835,44,1000,0.02
353,-118.364,32,1000,0.02
354,-102.439,36,1000,0.02
355,-70.648,31,1000,0.02
356,-65.035,25,1000,0.02
357,-110.303,45,1000,0.02
358,-95.735,42,1000,0.02
359,-97.549,38,1000,0.02
360,-120.955,54,1000,0.02
361,-73.227,26,1000,0.02
362,-107.945,45,1000,0.02
363,-79.129,29,1000,0.02
364,-65.005,25,1000,0.02
365,-97.465,40,1000,0.02
366,-82.895,39,1000,0.02
367,-102.203,62,1000,0.02
368,-96.579,48,1000,0.02
369,-84.897,37,1000,0.02
370,-58.052,25,1000,0.02
371,-95.127,28,1000,0.02
372,-144.456,44,1000,0.02
373,-73.849,33,1000,0.02
374,-119.505,45,1000,0.02
375,-109.525,25,1000,0.02
376,-85.981,30,1000,0.02
377,-96.831,34,1000,0.02
378,-129.59,46,1000,0.02
379,-94.15,42,1000,0.02
380,-87.72,35,1000,0.02
381,-67.499,21,1000,0.02
382,-97.673,36,1000,0.02
383,-77.689,27,1000,0.02
384,-82.714,41,1000,0.02
385,-108.777,32,1000,0.02
386,-101.29,41,1000,0.02
387,-76.674,28,1000,0.02
388,-131.413,47,1000,0.02
389,-92.858,47,1000,0.02
390,-89.73,20,1000,0.02
391,-52.407,19,1000,0.02
392,-85.808,37,1000,0.02
393,-76.342,33,1000,0.02
394,-63.104,27,1000,0.02
395,-101.766,52,1000,0.02
396,-96.411,32,1000,0.02
397,-118.988,39,1000,0.02
398,-88.875,25,1000,0.02
399,-81.978,37,1000,0.02
